<?xml version="1.0" encoding="UTF-8"?><MAPS04 xmlns="http://www.lrmuitine.lt/Sasaja/xsd/MAPS04_v1.00" xmlns:xsi="http://www.w3.org/2001/XMLSchema-instance" xsi:schemaLocation="http://www.lrmuitine.lt/Sasaja/xsd/MAPS04_v1.00 schema.xsd">
    <preparationDateAndTime>2021-04-12T11:09:58.723213300</preparationDateAndTime>
    <messageIdentification>testest</messageIdentification>
    <correlationIdentifier/>
    <Error>
        <sequenceNumber>1</sequenceNumber>
        <level>1</level>
        <code>1</code>
        <description langId="EN">javax.xml.transform.TransformerException: javax.xml.stream.XMLStreamException: org.xml.sax.SAXParseException; lineNumber: 24; columnNumber: 71; cvc-length-valid: Value '' with length = '0' is not facet-valid with respect to length '6' for type 'CommodityCodeHarmonisedSystemSubheadingCodeST'.</description>
    </Error>
</MAPS04>
