<?xml version="1.0" encoding="UTF-8"?><MAPS04 xmlns="http://www.lrmuitine.lt/Sasaja/xsd/MAPS04_v1.00" xmlns:xsi="http://www.w3.org/2001/XMLSchema-instance" xsi:schemaLocation="http://www.lrmuitine.lt/Sasaja/xsd/MAPS04_v1.00 schema.xsd">
    <preparationDateAndTime>2021-04-15T15:12:54.274234700</preparationDateAndTime>
    <messageIdentification>testest</messageIdentification>
    <correlationIdentifier>1234567890123456789012345678901234567891</correlationIdentifier>
    <Declaration>
        <referenceNumber>1234567890123456789012</referenceNumber>
        <dateOfCalculation>2020-12-10</dateOfCalculation>
        <GoodsShipment>
            <GoodsItem>
                <goodsItemNumber>1</goodsItemNumber>
                <commodityCode>2403191000</commodityCode>
                <Alert>
                    <sequenceNumber>1</sequenceNumber>
                    <level>3</level>
                    <code>6</code>
                    <description langId="LT">Vadovaujantis Reglamento Nr. 1186/2009 24 str., siuntos, kuriose yra akcizinių prekių, negali būti deklaruojamos su triženkliu procedūros kodu „C07“.</description>
                    <description langId="EN">[English text] Vadovaujantis Reglamento Nr. 1186/2009 24 str., siuntos, kuriose yra akcizinių prekių, negali būti deklaruojamos su triženkliu procedūros kodu „C07“.</description>
                </Alert>
            </GoodsItem>
        </GoodsShipment>
    </Declaration>
</MAPS04>
