<?xml version="1.0" encoding="UTF-8"?><MAPS04 xmlns="http://www.lrmuitine.lt/Sasaja/xsd/MAPS04_v1.00" xmlns:xsi="http://www.w3.org/2001/XMLSchema-instance" xsi:schemaLocation="http://www.lrmuitine.lt/Sasaja/xsd/MAPS04_v1.00 schema.xsd">
    <preparationDateAndTime>2021-04-15T12:53:25.419131100</preparationDateAndTime>
    <messageIdentification>testest</messageIdentification>
    <correlationIdentifier>1234567890123456789012345678901234567890</correlationIdentifier>
    <Error>
        <sequenceNumber>1</sequenceNumber>
        <level>2</level>
        <code>1</code>
        <description langId="LT">Deklaruojamos siuntos prekių verčių suma didesnė nei 1000 Eur. H6 tipo muitinės deklaracija skirta deklaruoti siuntas, kurios prekių verčių suma mažesnė arba lygi 1000 Eur. Prašome siuntos deklaravimui pasirinkti kito tipo deklaraciją.</description>
        <description langId="EN">[English text] Deklaruojamos siuntos prekių verčių suma didesnė nei 1000 Eur. H6 tipo muitinės deklaracija skirta deklaruoti siuntas, kurios prekių verčių suma mažesnė arba lygi 1000 Eur. Prašome siuntos deklaravimui pasirinkti kito tipo deklaraciją.</description>
    </Error>
</MAPS04>
