<?xml version="1.0" encoding="UTF-8"?><MAPS04 xmlns="http://www.lrmuitine.lt/Sasaja/xsd/MAPS04_v1.00" xmlns:xsi="http://www.w3.org/2001/XMLSchema-instance" xsi:schemaLocation="http://www.lrmuitine.lt/Sasaja/xsd/MAPS04_v1.00 schema.xsd">
    <preparationDateAndTime>2021-04-12T11:10:27.149979</preparationDateAndTime>
    <messageIdentification>testest</messageIdentification>
    <correlationIdentifier>1234567890123456789012345678901234567890</correlationIdentifier>
    <Declaration>
        <referenceNumber>1234567890123456789012</referenceNumber>
        <dateOfCalculation>2020-12-10</dateOfCalculation>
        <totalDutiesAndTaxesAmount>39</totalDutiesAndTaxesAmount>
        <GoodsShipment>
            <GoodsItem>
                <goodsItemNumber>1</goodsItemNumber>
                <commodityCode>8714999019</commodityCode>
                <totalDutiesAndTaxesAmount>39</totalDutiesAndTaxesAmount>
                <DutiesAndTaxes>
                    <sequenceNumber>1</sequenceNumber>
                    <taxType>A00</taxType>
                    <measureType>103</measureType>
                    <payableTaxAmount>2</payableTaxAmount>
                    <TaxBase>
                        <sequenceNumber>1</sequenceNumber>
                        <taxRate>0.0470</taxRate>
                        <amount>45.00</amount>
                        <taxAmount>2</taxAmount>
                    </TaxBase>
                </DutiesAndTaxes>
                <DutiesAndTaxes>
                    <sequenceNumber>2</sequenceNumber>
                    <taxType>A30</taxType>
                    <measureType>552</measureType>
                    <payableTaxAmount>22</payableTaxAmount>
                    <TaxBase>
                        <sequenceNumber>1</sequenceNumber>
                        <taxRate>0.4850</taxRate>
                        <amount>45.00</amount>
                        <taxAmount>22</taxAmount>
                    </TaxBase>
                </DutiesAndTaxes>
                <DutiesAndTaxes>
                    <sequenceNumber>3</sequenceNumber>
                    <taxType>B00</taxType>
                    <measureType>305</measureType>
                    <payableTaxAmount>15</payableTaxAmount>
                    <TaxBase>
                        <sequenceNumber>1</sequenceNumber>
                        <taxRate>0.2100</taxRate>
                        <amount>71.00</amount>
                        <taxAmount>15</taxAmount>
                    </TaxBase>
                </DutiesAndTaxes>
            </GoodsItem>
        </GoodsShipment>
    </Declaration>
</MAPS04>
