<?xml version="1.0" encoding="UTF-8"?><MAPS04 xmlns="http://www.lrmuitine.lt/Sasaja/xsd/MAPS04_v1.00" xmlns:xsi="http://www.w3.org/2001/XMLSchema-instance" xsi:schemaLocation="http://www.lrmuitine.lt/Sasaja/xsd/MAPS04_v1.00 schema.xsd">
    <preparationDateAndTime>2021-04-15T12:53:26.785054100</preparationDateAndTime>
    <messageIdentification>testest</messageIdentification>
    <correlationIdentifier>1234567890123456789012345678901234567891</correlationIdentifier>
    <Error>
        <sequenceNumber>1</sequenceNumber>
        <level>2</level>
        <code>5</code>
        <description langId="LT">Siuntos prekių savoji vertė yra didesnė nei 700 Eur, siuntos prekėms negalima deklaruoti triženklio procedūros kodo „701“ arba „702“.</description>
        <description langId="EN">[English text] Siuntos prekių savoji vertė yra didesnė nei 700 Eur, siuntos prekėms negalima deklaruoti triženklio procedūros kodo „701“ arba „702“.</description>
    </Error>
</MAPS04>
