<?xml version="1.0" encoding="UTF-8"?><MAPS04 xmlns="http://www.lrmuitine.lt/Sasaja/xsd/MAPS04_v1.00" xmlns:xsi="http://www.w3.org/2001/XMLSchema-instance" xsi:schemaLocation="http://www.lrmuitine.lt/Sasaja/xsd/MAPS04_v1.00 schema.xsd">
    <preparationDateAndTime>2021-04-12T11:10:29.033806900</preparationDateAndTime>
    <messageIdentification>testest</messageIdentification>
    <correlationIdentifier>1234567890123456789012345678901234567891</correlationIdentifier>
    <Declaration>
        <referenceNumber>1234567890123456789012</referenceNumber>
        <dateOfCalculation>2020-12-10</dateOfCalculation>
        <totalDutiesAndTaxesAmount>25</totalDutiesAndTaxesAmount>
        <GoodsShipment>
            <GoodsItem>
                <goodsItemNumber>1</goodsItemNumber>
                <commodityCode>3922100000</commodityCode>
                <totalDutiesAndTaxesAmount>13</totalDutiesAndTaxesAmount>
                <DutiesAndTaxes>
                    <sequenceNumber>1</sequenceNumber>
                    <taxType>A00</taxType>
                    <measureType>103</measureType>
                    <payableTaxAmount>1</payableTaxAmount>
                    <TaxBase>
                        <sequenceNumber>1</sequenceNumber>
                        <taxRate>0.0250</taxRate>
                        <amount>55.00</amount>
                        <taxAmount>1</taxAmount>
                    </TaxBase>
                </DutiesAndTaxes>
                <DutiesAndTaxes>
                    <sequenceNumber>2</sequenceNumber>
                    <taxType>B00</taxType>
                    <measureType>305</measureType>
                    <payableTaxAmount>12</payableTaxAmount>
                    <TaxBase>
                        <sequenceNumber>1</sequenceNumber>
                        <taxRate>0.2100</taxRate>
                        <amount>58.00</amount>
                        <taxAmount>12</taxAmount>
                    </TaxBase>
                </DutiesAndTaxes>
            </GoodsItem>
            <GoodsItem>
                <goodsItemNumber>2</goodsItemNumber>
                <commodityCode>3922200000</commodityCode>
                <totalDutiesAndTaxesAmount>4</totalDutiesAndTaxesAmount>
                <DutiesAndTaxes>
                    <sequenceNumber>1</sequenceNumber>
                    <taxType>A00</taxType>
                    <measureType>103</measureType>
                    <payableTaxAmount>0</payableTaxAmount>
                    <TaxBase>
                        <sequenceNumber>1</sequenceNumber>
                        <taxRate>0.0250</taxRate>
                        <amount>15.00</amount>
                        <taxAmount>0</taxAmount>
                    </TaxBase>
                </DutiesAndTaxes>
                <DutiesAndTaxes>
                    <sequenceNumber>2</sequenceNumber>
                    <taxType>B00</taxType>
                    <measureType>305</measureType>
                    <payableTaxAmount>4</payableTaxAmount>
                    <TaxBase>
                        <sequenceNumber>1</sequenceNumber>
                        <taxRate>0.2100</taxRate>
                        <amount>17.00</amount>
                        <taxAmount>4</taxAmount>
                    </TaxBase>
                </DutiesAndTaxes>
            </GoodsItem>
            <GoodsItem>
                <goodsItemNumber>3</goodsItemNumber>
                <commodityCode>4007000010</commodityCode>
                <totalDutiesAndTaxesAmount>8</totalDutiesAndTaxesAmount>
                <DutiesAndTaxes>
                    <sequenceNumber>1</sequenceNumber>
                    <taxType>A00</taxType>
                    <measureType>103</measureType>
                    <payableTaxAmount>1</payableTaxAmount>
                    <TaxBase>
                        <sequenceNumber>1</sequenceNumber>
                        <taxRate>0.0250</taxRate>
                        <amount>25.00</amount>
                        <taxAmount>1</taxAmount>
                    </TaxBase>
                </DutiesAndTaxes>
                <DutiesAndTaxes>
                    <sequenceNumber>2</sequenceNumber>
                    <taxType>B00</taxType>
                    <measureType>305</measureType>
                    <payableTaxAmount>7</payableTaxAmount>
                    <TaxBase>
                        <sequenceNumber>1</sequenceNumber>
                        <taxRate>0.2100</taxRate>
                        <amount>32.00</amount>
                        <taxAmount>7</taxAmount>
                    </TaxBase>
                </DutiesAndTaxes>
            </GoodsItem>
        </GoodsShipment>
    </Declaration>
</MAPS04>
