<?xml version="1.0" encoding="UTF-8"?><MAPS04 xmlns="http://www.lrmuitine.lt/Sasaja/xsd/MAPS04_v1.00" xmlns:xsi="http://www.w3.org/2001/XMLSchema-instance" xsi:schemaLocation="http://www.lrmuitine.lt/Sasaja/xsd/MAPS04_v1.00 schema.xsd">
    <preparationDateAndTime>2021-04-15T12:53:26.868115700</preparationDateAndTime>
    <messageIdentification>testest</messageIdentification>
    <correlationIdentifier>1234567890123456789012345678901234567891</correlationIdentifier>
    <Declaration>
        <referenceNumber>1234567890123456789012</referenceNumber>
        <dateOfCalculation>2020-12-10</dateOfCalculation>
        <GoodsShipment>
            <GoodsItem>
                <goodsItemNumber>1</goodsItemNumber>
                <commodityCode>3303001000</commodityCode>
                <totalDutiesAndTaxesAmount>6</totalDutiesAndTaxesAmount>
                <DutiesAndTaxes>
                    <sequenceNumber>1</sequenceNumber>
                    <taxType>A00</taxType>
                    <measureType>103</measureType>
                    <payableTaxAmount>0</payableTaxAmount>
                    <TaxBase>
                        <sequenceNumber>1</sequenceNumber>
                        <taxRate>0.0000</taxRate>
                        <amount>12.00</amount>
                        <taxAmount>0</taxAmount>
                    </TaxBase>
                </DutiesAndTaxes>
                <DutiesAndTaxes>
                    <sequenceNumber>2</sequenceNumber>
                    <taxType>100</taxType>
                    <measureType>306</measureType>
                    <payableTaxAmount>2</payableTaxAmount>
                    <TaxBase>
                        <sequenceNumber>1</sequenceNumber>
                        <taxRate>20.2500</taxRate>
                        <amount>0.08</amount>
                        <taxAmount>2</taxAmount>
                    </TaxBase>
                </DutiesAndTaxes>
                <DutiesAndTaxes>
                    <sequenceNumber>3</sequenceNumber>
                    <taxType>B00</taxType>
                    <measureType>305</measureType>
                    <payableTaxAmount>4</payableTaxAmount>
                    <TaxBase>
                        <sequenceNumber>1</sequenceNumber>
                        <taxRate>0.2100</taxRate>
                        <amount>18.00</amount>
                        <taxAmount>4</taxAmount>
                    </TaxBase>
                </DutiesAndTaxes>
                <Footnote>
                    <sequenceNumber>1</sequenceNumber>
                    <footnoteIdentifier>EAP01</footnoteIdentifier>
                </Footnote>
                <Footnote>
                    <sequenceNumber>2</sequenceNumber>
                    <footnoteIdentifier>EAT01</footnoteIdentifier>
                </Footnote>
                <Footnote>
                    <sequenceNumber>3</sequenceNumber>
                    <footnoteIdentifier>EAP02</footnoteIdentifier>
                </Footnote>
            </GoodsItem>
            <GoodsItem>
                <goodsItemNumber>2</goodsItemNumber>
                <commodityCode>2207100090</commodityCode>
                <totalDutiesAndTaxesAmount>5</totalDutiesAndTaxesAmount>
                <DutiesAndTaxes>
                    <sequenceNumber>1</sequenceNumber>
                    <taxType>A00</taxType>
                    <measureType>103</measureType>
                    <payableTaxAmount>0</payableTaxAmount>
                    <TaxBase>
                        <sequenceNumber>1</sequenceNumber>
                        <taxRate>0.0000</taxRate>
                        <amount>20.00</amount>
                        <taxAmount>0</taxAmount>
                    </TaxBase>
                </DutiesAndTaxes>
                <DutiesAndTaxes>
                    <sequenceNumber>2</sequenceNumber>
                    <taxType>B00</taxType>
                    <measureType>305</measureType>
                    <payableTaxAmount>5</payableTaxAmount>
                    <TaxBase>
                        <sequenceNumber>1</sequenceNumber>
                        <taxRate>0.2100</taxRate>
                        <amount>24.00</amount>
                        <taxAmount>5</taxAmount>
                    </TaxBase>
                </DutiesAndTaxes>
            </GoodsItem>
            <GoodsItem>
                <goodsItemNumber>3</goodsItemNumber>
                <commodityCode>24022090</commodityCode>
                <Alert>
                    <sequenceNumber>1</sequenceNumber>
                    <level>3</level>
                    <code>17</code>
                    <description langId="LT">Deklaruota netinkama  triženklių procedūrų kodų kombinacija.</description>
                    <description langId="EN">[English text] Deklaruota netinkama  triženklių procedūrų kodų kombinacija.</description>
                </Alert>
            </GoodsItem>
        </GoodsShipment>
    </Declaration>
</MAPS04>
