<?xml version="1.0" encoding="UTF-8"?><MAPS04 xmlns="http://www.lrmuitine.lt/Sasaja/xsd/MAPS04_v1.00" xmlns:xsi="http://www.w3.org/2001/XMLSchema-instance" xsi:schemaLocation="http://www.lrmuitine.lt/Sasaja/xsd/MAPS04_v1.00 schema.xsd">
    <preparationDateAndTime>2021-04-12T11:10:03.796750100</preparationDateAndTime>
    <messageIdentification>testest</messageIdentification>
    <correlationIdentifier>1234567890123456789012345678901234567891</correlationIdentifier>
    <Declaration>
        <referenceNumber>1234567890123456789012</referenceNumber>
        <dateOfCalculation>2020-12-10</dateOfCalculation>
        <GoodsShipment>
            <GoodsItem>
                <goodsItemNumber>1</goodsItemNumber>
                <commodityCode>8543707000</commodityCode>
                <Alert>
                    <sequenceNumber>1</sequenceNumber>
                    <level>3</level>
                    <code>12</code>
                    <description langId="LT">Nurodyto triženklio procedūros kodo ir deklaruotos akcizo objektu laikomos prekės kombinacija negalima, prašome patikslinti arba pašalinti triženklį procedūros kodą.</description>
                    <description langId="EN">[English text] Nurodyto triženklio procedūros kodo ir deklaruotos akcizo objektu laikomos prekės kombinacija negalima, prašome patikslinti arba pašalinti triženklį procedūros kodą.</description>
                </Alert>
            </GoodsItem>
        </GoodsShipment>
    </Declaration>
</MAPS04>