<MAPS03 xmlns="http://www.lrmuitine.lt/Sasaja/xsd/MAPS03_v1.00" xmlns:xsi="http://www.w3.org/2001/XMLSchema-instance">
	<preparationDateAndTime>2020-12-10T10:20:20</preparationDateAndTime>
	<messageIdentification>1234567890123456789012345678901234567890</messageIdentification>
	<Declaration>
		<referenceNumber>1234567890123456789012</referenceNumber>
		<dateOfCalculation>2020-12-10</dateOfCalculation>
		<kindOfDeclaration>H6</kindOfDeclaration>
		<GoodsShipment>
			<referenceNumberUCR>CE321356759EE</referenceNumberUCR>
			<grossMass>1.000</grossMass>
			<GoodsItem>
				<goodsItemNumber>1</goodsItemNumber>
				<referenceNumberUCR>00000000010001</referenceNumberUCR>
				<grossMass></grossMass>
				<netMass>0.900</netMass>
				<countryOfOrigin>US</countryOfOrigin>
				<AdditionalProcedure>
					<sequenceNumber>1</sequenceNumber>
					<additionalProcedure>C08</additionalProcedure>
				</AdditionalProcedure>
				<postalValueAmount>2</postalValueAmount>
				<intrinsicValueAmount>45.00</intrinsicValueAmount>
				<CommodityCode>
					<harmonisedSystemSubheadingCode>392220</harmonisedSystemSubheadingCode>
					<combinedNomenclatureCode>00</combinedNomenclatureCode>
				</CommodityCode>
			</GoodsItem>
		</GoodsShipment>
	</Declaration>
</MAPS03>
