<MAPS03 xmlns="http://www.lrmuitine.lt/Sasaja/xsd/MAPS03_v1.00" xmlns:xsi="http://www.w3.org/2001/XMLSchema-instance">
	<preparationDateAndTime>2020-12-10T10:20:20</preparationDateAndTime>
	<messageIdentification>1234567890123456789012345678901234567890</messageIdentification>
	<Declaration>
		<referenceNumber>1234567890123456789012</referenceNumber>
		<dateOfCalculation>2020-12-10</dateOfCalculation>
		<kindOfDeclaration>H6</kindOfDeclaration>
		<GoodsShipment>
			<referenceNumberUCR>CE321356759EE</referenceNumberUCR>
			<grossMass>10.000</grossMass>
			<GoodsItem>
				<goodsItemNumber>1</goodsItemNumber>
				<referenceNumberUCR>00000000010001</referenceNumberUCR>
				<grossMass>10.000</grossMass>
				<netMass>8.000</netMass>
				<countryOfOrigin>US</countryOfOrigin>
				<SupportingDocument>
                     <sequenceNumber>1</sequenceNumber>
                     <referenceNumber>str1234</referenceNumber>
                     <type>C074</type>
                </SupportingDocument>
				<SupportingDocument>
                     <sequenceNumber>2</sequenceNumber>
                     <referenceNumber>str1234</referenceNumber>
                     <type>C075</type>
                </SupportingDocument>
				<postalValueAmount>2</postalValueAmount>
				<intrinsicValueAmount>45.00</intrinsicValueAmount>
				<CommodityCode>
					<harmonisedSystemSubheadingCode>010410</harmonisedSystemSubheadingCode>
					<combinedNomenclatureCode>10</combinedNomenclatureCode>
					<taricCode>00</taricCode>
				</CommodityCode>
			</GoodsItem>
		</GoodsShipment>
	</Declaration>
</MAPS03>
