<?xml version="1.0" encoding="UTF-8"?>
<MAPS03 xmlns="http://www.lrmuitine.lt/Sasaja/xsd/MAPS03_v1.00" xmlns:xsi="http://www.w3.org/2001/XMLSchema-instance">
	<preparationDateAndTime>2020-12-10T09:30:47</preparationDateAndTime>
	<messageIdentification>1234567890123456789012345678901234567891</messageIdentification>
	<Declaration>
		<referenceNumber>1234567890123456789012</referenceNumber>
		<dateOfCalculation>2020-12-10</dateOfCalculation>
		<kindOfDeclaration>H6</kindOfDeclaration>
		<GoodsShipment>
			<referenceNumberUCR>CE321356759EE</referenceNumberUCR>
			<grossMass>2.210</grossMass>
           <GoodsItem>
             <goodsItemNumber>14</goodsItemNumber>
             <grossMass>0.610</grossMass>
		     <netMass>0.500</netMass>
	         <countryOfOrigin>CA</countryOfOrigin>
             <AdditionalProcedure>
                 <sequenceNumber>1</sequenceNumber>
                 <additionalProcedure>C07</additionalProcedure>
             </AdditionalProcedure>
			 <postalValueAmount>1</postalValueAmount>
             <intrinsicValueAmount>10</intrinsicValueAmount>
             <CommodityCode>
                 <harmonisedSystemSubheadingCode>392220</harmonisedSystemSubheadingCode>
		         <combinedNomenclatureCode>00</combinedNomenclatureCode>
             </CommodityCode>
           </GoodsItem>
           <GoodsItem>
              <goodsItemNumber>15</goodsItemNumber>
              <grossMass>0.740</grossMass>
		      <netMass>0.500</netMass>
	          <countryOfOrigin>CA</countryOfOrigin>
              <AdditionalProcedure>
                  <sequenceNumber>1</sequenceNumber>
                  <additionalProcedure>C07</additionalProcedure>
              </AdditionalProcedure>
			  <postalValueAmount>0.47</postalValueAmount>
              <intrinsicValueAmount>10</intrinsicValueAmount>
              <CommodityCode>
                  <harmonisedSystemSubheadingCode>180610</harmonisedSystemSubheadingCode>
		          <combinedNomenclatureCode>00</combinedNomenclatureCode>
              </CommodityCode>
           </GoodsItem>
           <GoodsItem>
              <goodsItemNumber>16</goodsItemNumber>
              <grossMass>0.860</grossMass>
		      <netMass>0.800</netMass>
	          <countryOfOrigin>CA</countryOfOrigin>
              <AdditionalProcedure>
                 <sequenceNumber>1</sequenceNumber>
                 <additionalProcedure>C07</additionalProcedure>
              </AdditionalProcedure>
			  <postalValueAmount>1</postalValueAmount>
              <intrinsicValueAmount>10</intrinsicValueAmount>
              <CommodityCode>
                  <harmonisedSystemSubheadingCode>392220</harmonisedSystemSubheadingCode>
		          <combinedNomenclatureCode>00</combinedNomenclatureCode>
              </CommodityCode>
           </GoodsItem>
		</GoodsShipment>
	</Declaration>
</MAPS03>
