<?xml version="1.0" encoding="UTF-8"?>
<MAPS03 xmlns="http://www.lrmuitine.lt/Sasaja/xsd/MAPS03_v1.00" xmlns:xsi="http://www.w3.org/2001/XMLSchema-instance">
	<preparationDateAndTime>2020-12-10T09:30:47</preparationDateAndTime>
	<messageIdentification>1234567890123456789012345678901234567891</messageIdentification>
	<Declaration>
		<referenceNumber>1234567890123456789012</referenceNumber>
		<dateOfCalculation>2020-12-10</dateOfCalculation>
		<kindOfDeclaration>H6</kindOfDeclaration>
		<GoodsShipment>
			<referenceNumberUCR>CE321356759EE</referenceNumberUCR>
			<grossMass>2.000</grossMass>
			<GoodsItem>
				<goodsItemNumber>1</goodsItemNumber>
				<grossMass>0.500</grossMass>
				<netMass>0.480</netMass>
				<countryOfOrigin>US</countryOfOrigin>
				<AdditionalProcedure>
					<sequenceNumber>1</sequenceNumber>
					<additionalProcedure>C08</additionalProcedure>
				</AdditionalProcedure>
				<postalValueAmount>2</postalValueAmount>
				<intrinsicValueAmount>5</intrinsicValueAmount>
				<CommodityCode>
					<harmonisedSystemSubheadingCode>392210</harmonisedSystemSubheadingCode>
					<combinedNomenclatureCode>00</combinedNomenclatureCode>
				</CommodityCode>
			</GoodsItem>
			<GoodsItem>
				<goodsItemNumber>2</goodsItemNumber>
				<grossMass>1.000</grossMass>
				<netMass>0.900</netMass>
				<countryOfOrigin>US</countryOfOrigin>
				<postalValueAmount>2</postalValueAmount>
				<intrinsicValueAmount>15</intrinsicValueAmount>
				<CommodityCode>
					<harmonisedSystemSubheadingCode>392220</harmonisedSystemSubheadingCode>
					<combinedNomenclatureCode>00</combinedNomenclatureCode>
				</CommodityCode>
			</GoodsItem>
			<GoodsItem>
				<goodsItemNumber>3</goodsItemNumber>
				<grossMass>0.500</grossMass>
				<netMass>0.450</netMass>
				<countryOfOrigin>US</countryOfOrigin>
				<AdditionalProcedure>
					<sequenceNumber>1</sequenceNumber>
					<additionalProcedure>701</additionalProcedure>
				</AdditionalProcedure>
				<postalValueAmount>6</postalValueAmount>
				<intrinsicValueAmount>25</intrinsicValueAmount>
				<CommodityCode>
					<harmonisedSystemSubheadingCode>400700</harmonisedSystemSubheadingCode>
					<combinedNomenclatureCode>00</combinedNomenclatureCode>
				</CommodityCode>
			</GoodsItem>
		</GoodsShipment>
	</Declaration>
</MAPS03>
