<?xml version="1.0" encoding="UTF-8"?>
<MAPS03 xmlns="http://www.lrmuitine.lt/Sasaja/xsd/MAPS03_v1.00" xmlns:xsi="http://www.w3.org/2001/XMLSchema-instance">
	<preparationDateAndTime>2020-12-10T09:30:47</preparationDateAndTime>
	<messageIdentification>1234567890123456789012345678901234567891</messageIdentification>
	<Declaration>
		<referenceNumber>1234567890123456789012</referenceNumber>
		<dateOfCalculation>2020-12-10</dateOfCalculation>
		<kindOfDeclaration>H6</kindOfDeclaration>
		<GoodsShipment>
			<referenceNumberUCR>CE321356759EE</referenceNumberUCR>
			<grossMass>4.120</grossMass>
			<GoodsItem>
				<goodsItemNumber>1</goodsItemNumber>
				<grossMass>0.120</grossMass>
				<netMass>0.100</netMass>
	            <countryOfOrigin>TW</countryOfOrigin>
				<AdditionalProcedure>
					<sequenceNumber>1</sequenceNumber>
					<additionalProcedure>018</additionalProcedure>
				</AdditionalProcedure>
				<postalValueAmount>2</postalValueAmount>
				<intrinsicValueAmount>22</intrinsicValueAmount>
				<CommodityCode>
					<harmonisedSystemSubheadingCode>610910</harmonisedSystemSubheadingCode>
					<combinedNomenclatureCode>00</combinedNomenclatureCode>
				</CommodityCode>
			</GoodsItem>
			<GoodsItem>
				<goodsItemNumber>2</goodsItemNumber>
				<grossMass>1.000</grossMass>
				<netMass>0.900</netMass>
	            <countryOfOrigin>TW</countryOfOrigin>
				<AdditionalProcedure>
					<sequenceNumber>1</sequenceNumber>
					<additionalProcedure>C08</additionalProcedure>
				</AdditionalProcedure>
				<postalValueAmount>2</postalValueAmount>
				<intrinsicValueAmount>7</intrinsicValueAmount>
				<CommodityCode>
					<harmonisedSystemSubheadingCode>020110</harmonisedSystemSubheadingCode>
					<combinedNomenclatureCode>00</combinedNomenclatureCode>
				</CommodityCode>
			</GoodsItem>
			<GoodsItem>
				<goodsItemNumber>4</goodsItemNumber>
				<grossMass>2.000</grossMass>
				<netMass>1.950</netMass>
	            <countryOfOrigin>TW</countryOfOrigin>
				<AdditionalProcedure>
					<sequenceNumber>1</sequenceNumber>
					<additionalProcedure>C08</additionalProcedure>
				</AdditionalProcedure>
				<AdditionalProcedure>
					<sequenceNumber>1</sequenceNumber>
					<additionalProcedure>010</additionalProcedure>
				</AdditionalProcedure>
				<postalValueAmount>1</postalValueAmount>
				<intrinsicValueAmount>3</intrinsicValueAmount>
				<CommodityCode>
					<harmonisedSystemSubheadingCode>180610</harmonisedSystemSubheadingCode>
					<combinedNomenclatureCode>00</combinedNomenclatureCode>
				</CommodityCode>
			</GoodsItem>
			<GoodsItem>
				<goodsItemNumber>3</goodsItemNumber>
				<grossMass>1.000</grossMass>
				<netMass>0.950</netMass>
	            <countryOfOrigin>TW</countryOfOrigin>
				<AdditionalProcedure>
					<sequenceNumber>1</sequenceNumber>
					<additionalProcedure>F15</additionalProcedure>
				</AdditionalProcedure>
				<postalValueAmount>4</postalValueAmount>
				<intrinsicValueAmount>12</intrinsicValueAmount>
				<CommodityCode>
					<harmonisedSystemSubheadingCode>911320</harmonisedSystemSubheadingCode>
					<combinedNomenclatureCode>00</combinedNomenclatureCode>
				</CommodityCode>
			</GoodsItem>
		</GoodsShipment>
	</Declaration>
</MAPS03>
