<MAPS03 xmlns="http://www.lrmuitine.lt/Sasaja/xsd/MAPS03_v1.00" xmlns:xsi="http://www.w3.org/2001/XMLSchema-instance">
	<preparationDateAndTime>2020-12-10T09:30:47</preparationDateAndTime>
	<messageIdentification>1234567890123456789012345678901234567891</messageIdentification>
	<Declaration>
		<referenceNumber>1234567890123456789012</referenceNumber>
		<dateOfCalculation>2020-12-10</dateOfCalculation>
		<kindOfDeclaration>H6</kindOfDeclaration>
		<GoodsShipment>
			<referenceNumberUCR>CE321356759EE</referenceNumberUCR>
			<grossMass>11.000</grossMass>
			<GoodsItem>
				<goodsItemNumber>1</goodsItemNumber>
				<referenceNumberUCR>00000000010001</referenceNumberUCR>
				<grossMass>11.000</grossMass>
				<netMass>10.000</netMass>
				<countryOfOrigin>CL</countryOfOrigin>
				<AdditionalProcedure>
					<sequenceNumber>1</sequenceNumber>
					<additionalProcedure>702</additionalProcedure>
				</AdditionalProcedure>
	            <TaxBaseInfo>
					<sequenceNumber>1</sequenceNumber>
					<measurementUnitAndQualifier>LTR</measurementUnitAndQualifier>
					<quantity>10</quantity>
				</TaxBaseInfo>
				<TaxBaseInfo>
					<sequenceNumber>2</sequenceNumber>
					<measurementUnitAndQualifier>ASV</measurementUnitAndQualifier>
					<quantity>14</quantity>
				</TaxBaseInfo>
				<postalValueAmount>2</postalValueAmount>
				<intrinsicValueAmount>45.00</intrinsicValueAmount>
				<CommodityCode>
					<harmonisedSystemSubheadingCode>220510</harmonisedSystemSubheadingCode>
					<combinedNomenclatureCode>10</combinedNomenclatureCode>
					<taricCode>00</taricCode>
				</CommodityCode>
			</GoodsItem>
		</GoodsShipment>
	</Declaration>
</MAPS03>