<?xml version="1.0" encoding="UTF-8"?>
<MAPS03 xmlns="http://www.lrmuitine.lt/Sasaja/xsd/MAPS03_v1.00" xmlns:xsi="http://www.w3.org/2001/XMLSchema-instance">
	<preparationDateAndTime>2020-12-10T09:30:47</preparationDateAndTime>
	<messageIdentification>1234567890123456789012345678901234567891</messageIdentification>
	<Declaration>
		<referenceNumber>1234567890123456789012</referenceNumber>
		<dateOfCalculation>2020-12-10</dateOfCalculation>
		<kindOfDeclaration>H6</kindOfDeclaration>
		<GoodsShipment>
			<referenceNumberUCR>CE321356759EE</referenceNumberUCR>
			<grossMass>3.180</grossMass>
			<GoodsItem>
				<goodsItemNumber>1</goodsItemNumber>
				<grossMass>1.120</grossMass>
				<netMass>1.000</netMass>
				<countryOfOrigin>IS</countryOfOrigin>
				<AdditionalProcedure>
					<sequenceNumber>1</sequenceNumber>
					<additionalProcedure>C33</additionalProcedure>
				</AdditionalProcedure>
				<AdditionalProcedure>
					<sequenceNumber>2</sequenceNumber>
					<additionalProcedure>017</additionalProcedure>
				</AdditionalProcedure>
				<postalValueAmount>2</postalValueAmount>
				<intrinsicValueAmount>25.01</intrinsicValueAmount>
				<CommodityCode>
					<harmonisedSystemSubheadingCode>392210</harmonisedSystemSubheadingCode>
					<combinedNomenclatureCode>00</combinedNomenclatureCode>
				</CommodityCode>
			</GoodsItem>
			<GoodsItem>
				<goodsItemNumber>2</goodsItemNumber>
				<grossMass>0.060</grossMass>
				<netMass>0.050</netMass>
				<countryOfOrigin>IS</countryOfOrigin>
				<AdditionalProcedure>
					<sequenceNumber>1</sequenceNumber>
					<additionalProcedure>010</additionalProcedure>
				</AdditionalProcedure>
				<TaxBaseInfo>
					<sequenceNumber>1</sequenceNumber>
					<measurementUnitAndQualifier>NAR</measurementUnitAndQualifier>
					<quantity>50</quantity>
				</TaxBaseInfo>
				<postalValueAmount>1</postalValueAmount>
				<intrinsicValueAmount>20.00</intrinsicValueAmount>
				<CommodityCode>
					<harmonisedSystemSubheadingCode>240220</harmonisedSystemSubheadingCode>
				    <combinedNomenclatureCode>90</combinedNomenclatureCode>
				</CommodityCode>
			</GoodsItem>
		</GoodsShipment>
	</Declaration>
</MAPS03>
