<?xml version="1.0" encoding="UTF-8"?><MAPS04 xmlns="http://www.lrmuitine.lt/Sasaja/xsd/MAPS04_v1.00" xmlns:xsi="http://www.w3.org/2001/XMLSchema-instance" xsi:schemaLocation="http://www.lrmuitine.lt/Sasaja/xsd/MAPS04_v1.00 schema.xsd">
    <preparationDateAndTime>2021-04-15T12:53:21.277577600</preparationDateAndTime>
    <messageIdentification>testest</messageIdentification>
    <correlationIdentifier>1234567890123456789012345678901234567890</correlationIdentifier>
    <Error>
        <sequenceNumber>1</sequenceNumber>
        <level>2</level>
        <code>4</code>
        <description langId="LT">Deklaruojant triženklį procedūros kodą "C08" bendra siuntos prekių savosios vertės suma negali viršyti 45 Eur.</description>
        <description langId="EN">[English text] Deklaruojant triženklį procedūros kodą "C08" bendra siuntos prekių savosios vertės suma negali viršyti 45 Eur..</description>
    </Error>
</MAPS04>
