<?xml version="1.0" encoding="UTF-8"?><MAPS04 xmlns="http://www.lrmuitine.lt/Sasaja/xsd/MAPS04_v1.00" xmlns:xsi="http://www.w3.org/2001/XMLSchema-instance" xsi:schemaLocation="http://www.lrmuitine.lt/Sasaja/xsd/MAPS04_v1.00 schema.xsd">
    <preparationDateAndTime>2021-04-12T11:09:53.600664500</preparationDateAndTime>
    <messageIdentification>testest</messageIdentification>
    <correlationIdentifier/>
    <Error>
        <sequenceNumber>1</sequenceNumber>
        <level>1</level>
        <code>1</code>
        <description langId="EN">javax.xml.transform.TransformerException: javax.xml.stream.XMLStreamException: org.xml.sax.SAXParseException; lineNumber: 7; columnNumber: 44; cvc-enumeration-valid: Value 'H8' is not facet-valid with respect to enumeration '[H6, H7]'. It must be a value from the enumeration.</description>
    </Error>
</MAPS04>
