<?xml version="1.0" encoding="UTF-8"?><MAPS04 xmlns="http://www.lrmuitine.lt/Sasaja/xsd/MAPS04_v1.00" xmlns:xsi="http://www.w3.org/2001/XMLSchema-instance" xsi:schemaLocation="http://www.lrmuitine.lt/Sasaja/xsd/MAPS04_v1.00 schema.xsd">
    <preparationDateAndTime>2021-04-15T12:53:21.509071600</preparationDateAndTime>
    <messageIdentification>testest</messageIdentification>
    <correlationIdentifier>1234567890123456789012345678901234567890</correlationIdentifier>
    <Error>
        <sequenceNumber>1</sequenceNumber>
        <level>2</level>
        <code>3</code>
        <description langId="LT">Skaičiavimo data negali būti vėlesnė nei einamoji data.</description>
        <description langId="EN">[English text] Skaičiavimo data negali būti vėlesnė nei einamoji data.</description>
    </Error>
</MAPS04>
