<?xml version="1.0" encoding="UTF-8"?><MAPS04 xmlns="http://www.lrmuitine.lt/Sasaja/xsd/MAPS04_v1.00" xmlns:xsi="http://www.w3.org/2001/XMLSchema-instance" xsi:schemaLocation="http://www.lrmuitine.lt/Sasaja/xsd/MAPS04_v1.00 schema.xsd">
    <preparationDateAndTime>2021-04-12T11:10:10.246765300</preparationDateAndTime>
    <messageIdentification>testest</messageIdentification>
    <correlationIdentifier>1234567890123456789012345678901234567891</correlationIdentifier>
    <Declaration>
        <referenceNumber>1234567890123456789012</referenceNumber>
        <dateOfCalculation>2020-12-10</dateOfCalculation>
        <totalDutiesAndTaxesAmount>30</totalDutiesAndTaxesAmount>
        <GoodsShipment>
            <GoodsItem>
                <goodsItemNumber>1</goodsItemNumber>
                <commodityCode>2204101100</commodityCode>
                <totalDutiesAndTaxesAmount>30</totalDutiesAndTaxesAmount>
                <DutiesAndTaxes>
                    <sequenceNumber>1</sequenceNumber>
                    <taxType>A00</taxType>
                    <measureType>103</measureType>
                    <payableTaxAmount>1</payableTaxAmount>
                    <TaxBase>
                        <sequenceNumber>1</sequenceNumber>
                        <taxRate>0.0250</taxRate>
                        <amount>45.00</amount>
                        <taxAmount>1</taxAmount>
                    </TaxBase>
                </DutiesAndTaxes>
                <DutiesAndTaxes>
                    <sequenceNumber>2</sequenceNumber>
                    <taxType>100</taxType>
                    <measureType>306</measureType>
                    <payableTaxAmount>16</payableTaxAmount>
                    <TaxBase>
                        <sequenceNumber>1</sequenceNumber>
                        <taxRate>164.6700</taxRate>
                        <amount>0.10</amount>
                        <taxAmount>16</taxAmount>
                    </TaxBase>
                </DutiesAndTaxes>
                <DutiesAndTaxes>
                    <sequenceNumber>3</sequenceNumber>
                    <taxType>B00</taxType>
                    <measureType>305</measureType>
                    <payableTaxAmount>13</payableTaxAmount>
                    <TaxBase>
                        <sequenceNumber>1</sequenceNumber>
                        <taxRate>0.2100</taxRate>
                        <amount>64.00</amount>
                        <taxAmount>13</taxAmount>
                    </TaxBase>
                </DutiesAndTaxes>
                <Footnote>
                    <sequenceNumber>1</sequenceNumber>
                    <footnoteIdentifier>KFG01</footnoteIdentifier>
                </Footnote>
                <Footnote>
                    <sequenceNumber>2</sequenceNumber>
                    <footnoteIdentifier>VYN01</footnoteIdentifier>
                </Footnote>
            </GoodsItem>
        </GoodsShipment>
    </Declaration>
</MAPS04>
