<?xml version="1.0" encoding="UTF-8"?><MAPS04 xmlns="http://www.lrmuitine.lt/Sasaja/xsd/MAPS04_v1.00" xmlns:xsi="http://www.w3.org/2001/XMLSchema-instance" xsi:schemaLocation="http://www.lrmuitine.lt/Sasaja/xsd/MAPS04_v1.00 schema.xsd">
    <preparationDateAndTime>2021-04-15T12:53:26.594727300</preparationDateAndTime>
    <messageIdentification>testest</messageIdentification>
    <correlationIdentifier>1234567890123456789012345678901234567890</correlationIdentifier>
    <Error>
        <sequenceNumber>1</sequenceNumber>
        <level>3</level>
        <code>16</code>
        <description langId="LT">Nenurodytas prekės svoris, išreikštas neto mase.</description>
        <description langId="EN">[English text] Nenurodytas prekės svoris, išreikštas neto mase.</description>
    </Error>
</MAPS04>
