<?xml version="1.0" encoding="UTF-8"?><MAPS04 xmlns="http://www.lrmuitine.lt/Sasaja/xsd/MAPS04_v1.00" xmlns:xsi="http://www.w3.org/2001/XMLSchema-instance" xsi:schemaLocation="http://www.lrmuitine.lt/Sasaja/xsd/MAPS04_v1.00 schema.xsd">
    <preparationDateAndTime>2021-04-12T11:10:28.517481</preparationDateAndTime>
    <messageIdentification>testest</messageIdentification>
    <correlationIdentifier>1234567890123456789012345678901234567890</correlationIdentifier>
    <Declaration>
        <referenceNumber>1234567890123456789012</referenceNumber>
        <dateOfCalculation>2020-12-10</dateOfCalculation>
        <totalDutiesAndTaxesAmount>30</totalDutiesAndTaxesAmount>
        <GoodsShipment>
            <GoodsItem>
                <goodsItemNumber>1</goodsItemNumber>
                <commodityCode>7019120022</commodityCode>
                <totalDutiesAndTaxesAmount>30</totalDutiesAndTaxesAmount>
                <DutiesAndTaxes>
                    <sequenceNumber>1</sequenceNumber>
                    <taxType>A00</taxType>
                    <measureType>103</measureType>
                    <payableTaxAmount>3</payableTaxAmount>
                    <TaxBase>
                        <sequenceNumber>1</sequenceNumber>
                        <taxRate>0.0700</taxRate>
                        <amount>45.00</amount>
                        <taxAmount>3</taxAmount>
                    </TaxBase>
                </DutiesAndTaxes>
                <DutiesAndTaxes>
                    <sequenceNumber>2</sequenceNumber>
                    <taxType>A30</taxType>
                    <measureType>552</measureType>
                    <payableTaxAmount>9</payableTaxAmount>
                    <TaxBase>
                        <sequenceNumber>1</sequenceNumber>
                        <taxRate>0.1990</taxRate>
                        <amount>45.00</amount>
                        <taxAmount>9</taxAmount>
                    </TaxBase>
                </DutiesAndTaxes>
                <DutiesAndTaxes>
                    <sequenceNumber>2</sequenceNumber>
                    <taxType>A40</taxType>
                    <measureType>554</measureType>
                    <payableTaxAmount>5</payableTaxAmount>
                    <TaxBase>
                        <sequenceNumber>1</sequenceNumber>
                        <taxRate>0.1030</taxRate>
                        <amount>45.00</amount>
                        <taxAmount>5</taxAmount>
                    </TaxBase>
                </DutiesAndTaxes>
                <DutiesAndTaxes>
                    <sequenceNumber>3</sequenceNumber>
                    <taxType>B00</taxType>
                    <measureType>305</measureType>
                    <payableTaxAmount>13</payableTaxAmount>
                    <TaxBase>
                        <sequenceNumber>1</sequenceNumber>
                        <taxRate>0.2100</taxRate>
                        <amount>64.00</amount>
                        <taxAmount>13</taxAmount>
                    </TaxBase>
                </DutiesAndTaxes>
            </GoodsItem>
        </GoodsShipment>
    </Declaration>
</MAPS04>
