<?xml version="1.0" encoding="UTF-8"?><MAPS04 xmlns="http://www.lrmuitine.lt/Sasaja/xsd/MAPS04_v1.00" xmlns:xsi="http://www.w3.org/2001/XMLSchema-instance" xsi:schemaLocation="http://www.lrmuitine.lt/Sasaja/xsd/MAPS04_v1.00 schema.xsd">
    <preparationDateAndTime>2021-04-15T12:53:28.989506200</preparationDateAndTime>
    <messageIdentification>testest</messageIdentification>
    <correlationIdentifier>1234567890123456789012345678901234567891</correlationIdentifier>
    <Declaration>
        <referenceNumber>1234567890123456789012</referenceNumber>
        <dateOfCalculation>2020-12-10</dateOfCalculation>
        <GoodsShipment>
            <GoodsItem>
                <goodsItemNumber>1</goodsItemNumber>
                <commodityCode>39221000</commodityCode>
                <Alert>
                    <sequenceNumber>1</sequenceNumber>
                    <level>3</level>
                    <code>6</code>
                    <description langId="LT">Vadovaujantis Reglamento Nr. 1186/2009 24 str., siuntos, kuriose yra akcizinių prekių, negali būti deklaruojamos su triženkliu procedūros kodu „C07“.</description>
                    <description langId="EN">[English text] Vadovaujantis Reglamento Nr. 1186/2009 24 str., siuntos, kuriose yra akcizinių prekių, negali būti deklaruojamos su triženkliu procedūros kodu „C07“.</description>
                </Alert>
            </GoodsItem>
            <GoodsItem>
                <goodsItemNumber>2</goodsItemNumber>
                <commodityCode>0201100098</commodityCode>
                <totalDutiesAndTaxesAmount>6</totalDutiesAndTaxesAmount>
                <DutiesAndTaxes>
                    <sequenceNumber>1</sequenceNumber>
                    <taxType>A00</taxType>
                    <measureType>103</measureType>
                    <payableTaxAmount>3</payableTaxAmount>
                    <TaxBase>
                        <sequenceNumber>1</sequenceNumber>
                        <taxRate>0.1280</taxRate>
                        <amount>7.00</amount>
                        <taxAmount>1</taxAmount>
                    </TaxBase>
                    <TaxBase>
                        <sequenceNumber>2</sequenceNumber>
                        <taxRate>176.8000</taxRate>
                        <amount>0.01</amount>
                        <taxAmount>2</taxAmount>
                    </TaxBase>
                </DutiesAndTaxes>
                <DutiesAndTaxes>
                    <sequenceNumber>2</sequenceNumber>
                    <taxType>B00</taxType>
                    <measureType>305</measureType>
                    <payableTaxAmount>3</payableTaxAmount>
                    <TaxBase>
                        <sequenceNumber>1</sequenceNumber>
                        <taxRate>0.2100</taxRate>
                        <amount>12.00</amount>
                        <taxAmount>3</taxAmount>
                    </TaxBase>
                </DutiesAndTaxes>
            </GoodsItem>
            <GoodsItem>
                <goodsItemNumber>3</goodsItemNumber>
                <commodityCode>91132000</commodityCode>
                <Alert>
                    <sequenceNumber>1</sequenceNumber>
                    <level>3</level>
                    <code>6</code>
                    <description langId="LT">Vadovaujantis Reglamento Nr. 1186/2009 24 str., siuntos, kuriose yra akcizinių prekių, negali būti deklaruojamos su triženkliu procedūros kodu „C07“.</description>
                    <description langId="EN">[English text] Vadovaujantis Reglamento Nr. 1186/2009 24 str., siuntos, kuriose yra akcizinių prekių, negali būti deklaruojamos su triženkliu procedūros kodu „C07“.</description>
                </Alert>
            </GoodsItem>
            <GoodsItem>
                <goodsItemNumber>4</goodsItemNumber>
                <commodityCode>24022090</commodityCode>
                <Alert>
                    <sequenceNumber>1</sequenceNumber>
                    <level>3</level>
                    <code>17</code>
                    <description langId="LT">Deklaruota netinkama  triženklių procedūrų kodų kombinacija.</description>
                    <description langId="EN">[English text] Deklaruota netinkama  triženklių procedūrų kodų kombinacija.</description>
                </Alert>
            </GoodsItem>
        </GoodsShipment>
    </Declaration>
</MAPS04>
