<?xml version="1.0" encoding="UTF-8"?><MAPS04 xmlns="http://www.lrmuitine.lt/Sasaja/xsd/MAPS04_v1.00" xmlns:xsi="http://www.w3.org/2001/XMLSchema-instance" xsi:schemaLocation="http://www.lrmuitine.lt/Sasaja/xsd/MAPS04_v1.00 schema.xsd">
    <preparationDateAndTime>2021-04-15T12:53:29.555756100</preparationDateAndTime>
    <messageIdentification>testest</messageIdentification>
    <correlationIdentifier>1234567890123456789012345678901234567891</correlationIdentifier>
    <Declaration>
        <referenceNumber>1234567890123456789012</referenceNumber>
        <dateOfCalculation>2020-12-10</dateOfCalculation>
        <GoodsShipment>
            <GoodsItem>
                <goodsItemNumber>1</goodsItemNumber>
                <commodityCode>6109100090</commodityCode>
                <totalDutiesAndTaxesAmount>0</totalDutiesAndTaxesAmount>
                <DutiesAndTaxes>
                    <sequenceNumber>1</sequenceNumber>
                    <taxType>A00</taxType>
                    <measureType>103</measureType>
                    <payableTaxAmount>0</payableTaxAmount>
                    <TaxBase>
                        <sequenceNumber>1</sequenceNumber>
                        <taxRate>0.0000</taxRate>
                        <amount>22.00</amount>
                        <taxAmount>0</taxAmount>
                    </TaxBase>
                </DutiesAndTaxes>
                <DutiesAndTaxes>
                    <sequenceNumber>2</sequenceNumber>
                    <taxType>B00</taxType>
                    <measureType>305</measureType>
                    <payableTaxAmount>0</payableTaxAmount>
                    <TaxBase>
                        <sequenceNumber>1</sequenceNumber>
                        <taxRate>0.0000</taxRate>
                        <amount>24.00</amount>
                        <taxAmount>0</taxAmount>
                    </TaxBase>
                </DutiesAndTaxes>
            </GoodsItem>
            <GoodsItem>
                <goodsItemNumber>2</goodsItemNumber>
                <commodityCode>0201100098</commodityCode>
                <totalDutiesAndTaxesAmount>0</totalDutiesAndTaxesAmount>
                <DutiesAndTaxes>
                    <sequenceNumber>1</sequenceNumber>
                    <taxType>A00</taxType>
                    <measureType>103</measureType>
                    <payableTaxAmount>0</payableTaxAmount>
                    <TaxBase>
                        <sequenceNumber>1</sequenceNumber>
                        <taxRate>0.0000</taxRate>
                        <amount>7.00</amount>
                        <taxAmount>0</taxAmount>
                    </TaxBase>
                    <TaxBase>
                        <sequenceNumber>2</sequenceNumber>
                        <taxRate>0.0000</taxRate>
                        <amount>0.01</amount>
                        <taxAmount>0</taxAmount>
                    </TaxBase>
                </DutiesAndTaxes>
                <DutiesAndTaxes>
                    <sequenceNumber>2</sequenceNumber>
                    <taxType>B00</taxType>
                    <measureType>305</measureType>
                    <payableTaxAmount>0</payableTaxAmount>
                    <TaxBase>
                        <sequenceNumber>1</sequenceNumber>
                        <taxRate>0.0000</taxRate>
                        <amount>9.00</amount>
                        <taxAmount>0</taxAmount>
                    </TaxBase>
                </DutiesAndTaxes>
            </GoodsItem>
            <GoodsItem>
                <goodsItemNumber>3</goodsItemNumber>
                <commodityCode>18061000</commodityCode>
                <Alert>
                    <sequenceNumber>1</sequenceNumber>
                    <level>3</level>
                    <code>12</code>
                    <description langId="LT">Nurodyto triženklio procedūros kodo ir deklaruotos akcizo objektu laikomos prekės kombinacija negalima, prašome patikslinti arba pašalinti triženklį procedūros kodą.</description>
                    <description langId="EN">[English text] Nurodyto triženklio procedūros kodo ir deklaruotos akcizo objektu laikomos prekės kombinacija negalima, prašome patikslinti arba pašalinti triženklį procedūros kodą.</description>
                </Alert>
            </GoodsItem>
            <GoodsItem>
                <goodsItemNumber>4</goodsItemNumber>
                <commodityCode>91132000</commodityCode>
                <Alert>
                    <sequenceNumber>1</sequenceNumber>
                    <level>3</level>
                    <code>11</code>
                    <description langId="LT">Neteisingai nurodytas triženklis procedūros kodas.</description>
                    <description langId="EN">[English text] Neteisingai nurodytas triženklis procedūros kodas.</description>
                </Alert>
            </GoodsItem>
        </GoodsShipment>
    </Declaration>
</MAPS04>
