<?xml version="1.0" encoding="UTF-8"?><MAPS04 xmlns="http://www.lrmuitine.lt/Sasaja/xsd/MAPS04_v1.00" xmlns:xsi="http://www.w3.org/2001/XMLSchema-instance" xsi:schemaLocation="http://www.lrmuitine.lt/Sasaja/xsd/MAPS04_v1.00 schema.xsd">
    <preparationDateAndTime>2021-04-12T11:10:32.448592500</preparationDateAndTime>
    <messageIdentification>testest</messageIdentification>
    <correlationIdentifier>1234567890123456789012345678901234567891</correlationIdentifier>
    <Declaration>
        <referenceNumber>1234567890123456789012</referenceNumber>
        <dateOfCalculation>2020-12-10</dateOfCalculation>
        <totalDutiesAndTaxesAmount>34</totalDutiesAndTaxesAmount>
        <GoodsShipment>
            <GoodsItem>
                <goodsItemNumber>1</goodsItemNumber>
                <commodityCode>2205101000</commodityCode>
                <totalDutiesAndTaxesAmount>34</totalDutiesAndTaxesAmount>
                <DutiesAndTaxes>
                    <sequenceNumber>1</sequenceNumber>
                    <taxType>A00</taxType>
                    <measureType>103</measureType>
                    <payableTaxAmount>1</payableTaxAmount>
                    <TaxBase>
                        <sequenceNumber>1</sequenceNumber>
                        <taxRate>10.9000</taxRate>
                        <amount>0.10</amount>
                        <taxAmount>1</taxAmount>
                    </TaxBase>
                </DutiesAndTaxes>
                <DutiesAndTaxes>
                    <sequenceNumber>2</sequenceNumber>
                    <taxType>100</taxType>
                    <measureType>306</measureType>
                    <payableTaxAmount>19</payableTaxAmount>
                    <TaxBase>
                        <sequenceNumber>1</sequenceNumber>
                        <taxRate>185.8200</taxRate>
                        <amount>0.10</amount>
                        <taxAmount>19</taxAmount>
                    </TaxBase>
                </DutiesAndTaxes>
                <DutiesAndTaxes>
                    <sequenceNumber>3</sequenceNumber>
                    <taxType>B00</taxType>
                    <measureType>305</measureType>
                    <payableTaxAmount>14</payableTaxAmount>
                    <TaxBase>
                        <sequenceNumber>1</sequenceNumber>
                        <taxRate>0.2100</taxRate>
                        <amount>67.00</amount>
                        <taxAmount>14</taxAmount>
                    </TaxBase>
                </DutiesAndTaxes>
                <Footnote>
                    <sequenceNumber>1</sequenceNumber>
                    <footnoteIdentifier>TPA01</footnoteIdentifier>
                </Footnote>
            </GoodsItem>
        </GoodsShipment>
    </Declaration>
</MAPS04>
