<?xml version="1.0" encoding="UTF-8"?><MAPS04 xmlns="http://www.lrmuitine.lt/Sasaja/xsd/MAPS04_v1.00" xmlns:xsi="http://www.w3.org/2001/XMLSchema-instance" xsi:schemaLocation="http://www.lrmuitine.lt/Sasaja/xsd/MAPS04_v1.00 schema.xsd">
    <preparationDateAndTime>2021-04-15T12:53:32.570513500</preparationDateAndTime>
    <messageIdentification>testest</messageIdentification>
    <correlationIdentifier>1234567890123456789012345678901234567890</correlationIdentifier>
    <Declaration>
        <referenceNumber>1234567890123456789012</referenceNumber>
        <dateOfCalculation>2020-12-10</dateOfCalculation>
        <GoodsShipment>
            <GoodsItem>
                <goodsItemNumber>1</goodsItemNumber>
                <commodityCode>0102310000</commodityCode>
                <Alert>
                    <sequenceNumber>1</sequenceNumber>
                    <level>3</level>
                    <code>19</code>
                    <description langId="LT">Deklaruojamai prekei taikomi netarifiniai apribojimai - nepateikus dokumento/dokumentų C074, prekės eksportas/importas draudžiamas.</description>
                    <description langId="EN">[English text] Deklaruojamai prekei taikomi netarifiniai apribojimai - nepateikus dokumento/dokumentų C074, prekės eksportas/importas draudžiamas.</description>
                </Alert>
            </GoodsItem>
        </GoodsShipment>
    </Declaration>
</MAPS04>
